{
  "@expo/fingerprint": "~0.15.1",
  "@expo/metro-runtime": "~6.1.2",
  "@expo/vector-icons": "^15.0.2",
  "@expo/ui": "~0.2.0-beta.7",
  "@react-native-async-storage/async-storage": "2.2.0",
  "@react-native-community/datetimepicker": "8.4.4",
  "@react-native-masked-view/masked-view": "0.3.2",
  "@react-native-community/netinfo": "11.4.1",
  "@react-native-community/slider": "5.0.1",
  "@react-native-community/viewpager": "5.0.11",
  "@react-native-picker/picker": "2.11.1",
  "@react-native-segmented-control/segmented-control": "2.5.7",
  "@stripe/stripe-react-native": "0.50.3",
  "eslint-config-expo": "~10.0.0",
  "expo-analytics-amplitude": "~11.3.0",
  "expo-app-auth": "~11.1.0",
  "expo-app-loader-provider": "~8.0.0",
  "expo-apple-authentication": "~8.0.7",
  "expo-application": "~7.0.7",
  "expo-asset": "~12.0.9",
  "expo-audio": "~1.0.13",
  "expo-auth-session": "~7.0.8",
  "expo-av": "~16.0.7",
  "expo-background-fetch": "~14.0.7",
  "expo-background-task": "~1.0.8",
  "expo-battery": "~10.0.7",
  "expo-blur": "~15.0.7",
  "expo-brightness": "~14.0.7",
  "expo-build-properties": "~1.0.9",
  "expo-calendar": "~15.0.7",
  "expo-camera": "~17.0.8",
  "expo-cellular": "~8.0.7",
  "expo-checkbox": "~5.0.7",
  "expo-clipboard": "~8.0.7",
  "expo-constants": "~18.0.9",
  "expo-contacts": "~15.0.9",
  "expo-crypto": "~15.0.7",
  "expo-dev-client": "~6.0.13",
  "expo-device": "~8.0.9",
  "expo-document-picker": "~14.0.7",
  "expo-file-system": "~19.0.17",
  "expo-font": "~14.0.9",
  "expo-gl": "~16.0.7",
  "expo-glass-effect": "~0.1.4",
  "expo-google-app-auth": "~8.3.0",
  "expo-haptics": "~15.0.7",
  "expo-image": "~3.0.9",
  "expo-image-loader": "~6.0.0",
  "expo-image-manipulator": "~14.0.7",
  "expo-image-picker": "~17.0.8",
  "expo-intent-launcher": "~13.0.7",
  "expo-insights": "~0.10.7",
  "expo-keep-awake": "~15.0.7",
  "expo-linear-gradient": "~15.0.7",
  "expo-linking": "~8.0.8",
  "expo-local-authentication": "~17.0.7",
  "expo-localization": "~17.0.7",
  "expo-location": "~19.0.7",
  "expo-mail-composer": "~15.0.7",
  "expo-manifests": "~1.0.8",
  "expo-maps": "~0.12.8",
  "expo-media-library": "~18.2.0",
  "expo-mesh-gradient": "~0.4.7",
  "expo-module-template": "~11.0.15",
  "expo-modules-core": "~3.0.21",
  "expo-navigation-bar": "~5.0.8",
  "expo-network": "~8.0.7",
  "expo-notifications": "~0.32.12",
  "expo-print": "~15.0.7",
  "expo-live-photo": "~1.0.7",
  "expo-router": "~6.0.11",
  "expo-screen-capture": "~8.0.8",
  "expo-screen-orientation": "~9.0.7",
  "expo-secure-store": "~15.0.7",
  "expo-sensors": "~15.0.7",
  "expo-sharing": "~14.0.7",
  "expo-sms": "~14.0.7",
  "expo-speech": "~14.0.7",
  "expo-splash-screen": "~31.0.10",
  "expo-sqlite": "~16.0.8",
  "expo-status-bar": "~3.0.8",
  "expo-store-review": "~9.0.8",
  "expo-symbols": "~1.0.7",
  "expo-system-ui": "~6.0.7",
  "expo-task-manager": "~14.0.7",
  "expo-tracking-transparency": "~6.0.7",
  "expo-updates": "~29.0.12",
  "expo-video-thumbnails": "~10.0.7",
  "expo-video": "~3.0.11",
  "expo-web-browser": "~15.0.8",
  "jest-expo": "~54.0.12",
  "lottie-react-native": "~7.3.1",
  "react": "19.1.0",
  "react-dom": "19.1.0",
  "react-native": "0.81.4",
  "react-native-web": "~0.21.0",
  "react-native-gesture-handler": "~2.28.0",
  "react-native-get-random-values": "~1.11.0",
  "react-native-keyboard-controller": "1.18.5",
  "react-native-maps": "1.20.1",
  "react-native-pager-view": "6.9.1",
  "react-native-worklets": "0.5.1",
  "react-native-reanimated": "~4.1.1",
  "react-native-screens": "~4.16.0",
  "react-native-safe-area-context": "~5.6.0",
  "react-native-svg": "15.12.1",
  "react-native-view-shot": "4.0.3",
  "react-native-webview": "13.15.0",
  "sentry-expo": "~7.0.0",
  "unimodules-app-loader": "~6.0.7",
  "unimodules-image-loader-interface": "~6.1.0",
  "@shopify/react-native-skia": "2.2.12",
  "@shopify/flash-list": "2.0.2",
  "@sentry/react-native": "~7.2.0",
  "react-native-bootsplash": "^6.3.10"
}
